-- phpMyAdmin SQL Dump
-- version 4.0.4
-- http://www.phpmyadmin.net
--
-- Host: localhost
-- Generation Time: Dec 16, 2022 at 12:25 PM
-- Server version: 5.6.12-log
-- PHP Version: 5.4.16

SET SQL_MODE = "NO_AUTO_VALUE_ON_ZERO";
SET time_zone = "+00:00";


/*!40101 SET @OLD_CHARACTER_SET_CLIENT=@@CHARACTER_SET_CLIENT */;
/*!40101 SET @OLD_CHARACTER_SET_RESULTS=@@CHARACTER_SET_RESULTS */;
/*!40101 SET @OLD_COLLATION_CONNECTION=@@COLLATION_CONNECTION */;
/*!40101 SET NAMES utf8 */;

--
-- Database: `detecting_sybil_attacks`
--
CREATE DATABASE IF NOT EXISTS `detecting_sybil_attacks` DEFAULT CHARACTER SET latin1 COLLATE latin1_swedish_ci;
USE `detecting_sybil_attacks`;

-- --------------------------------------------------------

--
-- Table structure for table `auth_group`
--

CREATE TABLE IF NOT EXISTS `auth_group` (
  `id` int(11) NOT NULL AUTO_INCREMENT,
  `name` varchar(80) NOT NULL,
  PRIMARY KEY (`id`),
  UNIQUE KEY `name` (`name`)
) ENGINE=InnoDB DEFAULT CHARSET=latin1 AUTO_INCREMENT=1 ;

-- --------------------------------------------------------

--
-- Table structure for table `auth_group_permissions`
--

CREATE TABLE IF NOT EXISTS `auth_group_permissions` (
  `id` int(11) NOT NULL AUTO_INCREMENT,
  `group_id` int(11) NOT NULL,
  `permission_id` int(11) NOT NULL,
  PRIMARY KEY (`id`),
  UNIQUE KEY `auth_group_permissions_group_id_permission_id_0cd325b0_uniq` (`group_id`,`permission_id`),
  KEY `auth_group_permissio_permission_id_84c5c92e_fk_auth_perm` (`permission_id`)
) ENGINE=InnoDB DEFAULT CHARSET=latin1 AUTO_INCREMENT=1 ;

-- --------------------------------------------------------

--
-- Table structure for table `auth_permission`
--

CREATE TABLE IF NOT EXISTS `auth_permission` (
  `id` int(11) NOT NULL AUTO_INCREMENT,
  `name` varchar(255) NOT NULL,
  `content_type_id` int(11) NOT NULL,
  `codename` varchar(100) NOT NULL,
  PRIMARY KEY (`id`),
  UNIQUE KEY `auth_permission_content_type_id_codename_01ab375a_uniq` (`content_type_id`,`codename`)
) ENGINE=InnoDB  DEFAULT CHARSET=latin1 AUTO_INCREMENT=28 ;

--
-- Dumping data for table `auth_permission`
--

INSERT INTO `auth_permission` (`id`, `name`, `content_type_id`, `codename`) VALUES
(1, 'Can add log entry', 1, 'add_logentry'),
(2, 'Can change log entry', 1, 'change_logentry'),
(3, 'Can delete log entry', 1, 'delete_logentry'),
(4, 'Can add permission', 2, 'add_permission'),
(5, 'Can change permission', 2, 'change_permission'),
(6, 'Can delete permission', 2, 'delete_permission'),
(7, 'Can add group', 3, 'add_group'),
(8, 'Can change group', 3, 'change_group'),
(9, 'Can delete group', 3, 'delete_group'),
(10, 'Can add user', 4, 'add_user'),
(11, 'Can change user', 4, 'change_user'),
(12, 'Can delete user', 4, 'delete_user'),
(13, 'Can add content type', 5, 'add_contenttype'),
(14, 'Can change content type', 5, 'change_contenttype'),
(15, 'Can delete content type', 5, 'delete_contenttype'),
(16, 'Can add session', 6, 'add_session'),
(17, 'Can change session', 6, 'change_session'),
(18, 'Can delete session', 6, 'delete_session'),
(19, 'Can add client register_ model', 7, 'add_clientregister_model'),
(20, 'Can change client register_ model', 7, 'change_clientregister_model'),
(21, 'Can delete client register_ model', 7, 'delete_clientregister_model'),
(22, 'Can add client posts_ model', 8, 'add_clientposts_model'),
(23, 'Can change client posts_ model', 8, 'change_clientposts_model'),
(24, 'Can delete client posts_ model', 8, 'delete_clientposts_model'),
(25, 'Can add feedbacks_ model', 9, 'add_feedbacks_model'),
(26, 'Can change feedbacks_ model', 9, 'change_feedbacks_model'),
(27, 'Can delete feedbacks_ model', 9, 'delete_feedbacks_model');

-- --------------------------------------------------------

--
-- Table structure for table `auth_user`
--

CREATE TABLE IF NOT EXISTS `auth_user` (
  `id` int(11) NOT NULL AUTO_INCREMENT,
  `password` varchar(128) NOT NULL,
  `last_login` datetime(6) DEFAULT NULL,
  `is_superuser` tinyint(1) NOT NULL,
  `username` varchar(150) NOT NULL,
  `first_name` varchar(30) NOT NULL,
  `last_name` varchar(150) NOT NULL,
  `email` varchar(254) NOT NULL,
  `is_staff` tinyint(1) NOT NULL,
  `is_active` tinyint(1) NOT NULL,
  `date_joined` datetime(6) NOT NULL,
  PRIMARY KEY (`id`),
  UNIQUE KEY `username` (`username`)
) ENGINE=InnoDB DEFAULT CHARSET=latin1 AUTO_INCREMENT=1 ;

-- --------------------------------------------------------

--
-- Table structure for table `auth_user_groups`
--

CREATE TABLE IF NOT EXISTS `auth_user_groups` (
  `id` int(11) NOT NULL AUTO_INCREMENT,
  `user_id` int(11) NOT NULL,
  `group_id` int(11) NOT NULL,
  PRIMARY KEY (`id`),
  UNIQUE KEY `auth_user_groups_user_id_group_id_94350c0c_uniq` (`user_id`,`group_id`),
  KEY `auth_user_groups_group_id_97559544_fk_auth_group_id` (`group_id`)
) ENGINE=InnoDB DEFAULT CHARSET=latin1 AUTO_INCREMENT=1 ;

-- --------------------------------------------------------

--
-- Table structure for table `auth_user_user_permissions`
--

CREATE TABLE IF NOT EXISTS `auth_user_user_permissions` (
  `id` int(11) NOT NULL AUTO_INCREMENT,
  `user_id` int(11) NOT NULL,
  `permission_id` int(11) NOT NULL,
  PRIMARY KEY (`id`),
  UNIQUE KEY `auth_user_user_permissions_user_id_permission_id_14a6b632_uniq` (`user_id`,`permission_id`),
  KEY `auth_user_user_permi_permission_id_1fbb5f2c_fk_auth_perm` (`permission_id`)
) ENGINE=InnoDB DEFAULT CHARSET=latin1 AUTO_INCREMENT=1 ;

-- --------------------------------------------------------

--
-- Table structure for table `django_admin_log`
--

CREATE TABLE IF NOT EXISTS `django_admin_log` (
  `id` int(11) NOT NULL AUTO_INCREMENT,
  `action_time` datetime(6) NOT NULL,
  `object_id` longtext,
  `object_repr` varchar(200) NOT NULL,
  `action_flag` smallint(5) unsigned NOT NULL,
  `change_message` longtext NOT NULL,
  `content_type_id` int(11) DEFAULT NULL,
  `user_id` int(11) NOT NULL,
  PRIMARY KEY (`id`),
  KEY `django_admin_log_content_type_id_c4bce8eb_fk_django_co` (`content_type_id`),
  KEY `django_admin_log_user_id_c564eba6_fk_auth_user_id` (`user_id`)
) ENGINE=InnoDB DEFAULT CHARSET=latin1 AUTO_INCREMENT=1 ;

-- --------------------------------------------------------

--
-- Table structure for table `django_content_type`
--

CREATE TABLE IF NOT EXISTS `django_content_type` (
  `id` int(11) NOT NULL AUTO_INCREMENT,
  `app_label` varchar(100) NOT NULL,
  `model` varchar(100) NOT NULL,
  PRIMARY KEY (`id`),
  UNIQUE KEY `django_content_type_app_label_model_76bd3d3b_uniq` (`app_label`,`model`)
) ENGINE=InnoDB  DEFAULT CHARSET=latin1 AUTO_INCREMENT=10 ;

--
-- Dumping data for table `django_content_type`
--

INSERT INTO `django_content_type` (`id`, `app_label`, `model`) VALUES
(1, 'admin', 'logentry'),
(3, 'auth', 'group'),
(2, 'auth', 'permission'),
(4, 'auth', 'user'),
(8, 'Client_Site', 'clientposts_model'),
(7, 'Client_Site', 'clientregister_model'),
(9, 'Client_Site', 'feedbacks_model'),
(5, 'contenttypes', 'contenttype'),
(6, 'sessions', 'session');

-- --------------------------------------------------------

--
-- Table structure for table `django_migrations`
--

CREATE TABLE IF NOT EXISTS `django_migrations` (
  `id` int(11) NOT NULL AUTO_INCREMENT,
  `app` varchar(255) NOT NULL,
  `name` varchar(255) NOT NULL,
  `applied` datetime(6) NOT NULL,
  PRIMARY KEY (`id`)
) ENGINE=InnoDB  DEFAULT CHARSET=latin1 AUTO_INCREMENT=22 ;

--
-- Dumping data for table `django_migrations`
--

INSERT INTO `django_migrations` (`id`, `app`, `name`, `applied`) VALUES
(1, 'Remote_User', '0001_initial', '2019-04-23 07:01:48.050781'),
(2, 'contenttypes', '0001_initial', '2019-04-23 07:01:49.494140'),
(3, 'auth', '0001_initial', '2019-04-23 07:02:03.837890'),
(4, 'admin', '0001_initial', '2019-04-23 07:02:05.832031'),
(5, 'admin', '0002_logentry_remove_auto_add', '2019-04-23 07:02:05.863281'),
(6, 'contenttypes', '0002_remove_content_type_name', '2019-04-23 07:02:07.041015'),
(7, 'auth', '0002_alter_permission_name_max_length', '2019-04-23 07:02:07.839843'),
(8, 'auth', '0003_alter_user_email_max_length', '2019-04-23 07:02:08.330078'),
(9, 'auth', '0004_alter_user_username_opts', '2019-04-23 07:02:08.361328'),
(10, 'auth', '0005_alter_user_last_login_null', '2019-04-23 07:02:08.921875'),
(11, 'auth', '0006_require_contenttypes_0002', '2019-04-23 07:02:08.953125'),
(12, 'auth', '0007_alter_validators_add_error_messages', '2019-04-23 07:02:08.989257'),
(13, 'auth', '0008_alter_user_username_max_length', '2019-04-23 07:02:09.785156'),
(14, 'auth', '0009_alter_user_last_name_max_length', '2019-04-23 07:02:10.580078'),
(15, 'sessions', '0001_initial', '2019-04-23 07:02:11.764648'),
(16, 'Remote_User', '0002_clientposts_model', '2019-04-25 05:53:57.702132'),
(17, 'Remote_User', '0003_clientposts_model_usefulcounts', '2019-04-25 10:00:02.521468'),
(18, 'Remote_User', '0004_auto_20190429_1027', '2019-04-29 04:57:32.672296'),
(19, 'Remote_User', '0005_clientposts_model_dislikes', '2019-04-29 05:15:16.668390'),
(20, 'Remote_User', '0006_Review_model', '2019-04-29 05:19:26.382257'),
(21, 'Remote_User', '0007_clientposts_model_names', '2019-04-30 04:45:46.472656');

-- --------------------------------------------------------

--
-- Table structure for table `django_session`
--

CREATE TABLE IF NOT EXISTS `django_session` (
  `session_key` varchar(40) NOT NULL,
  `session_data` longtext NOT NULL,
  `expire_date` datetime(6) NOT NULL,
  PRIMARY KEY (`session_key`),
  KEY `django_session_expire_date_a5c62663` (`expire_date`)
) ENGINE=InnoDB DEFAULT CHARSET=latin1;

--
-- Dumping data for table `django_session`
--

INSERT INTO `django_session` (`session_key`, `session_data`, `expire_date`) VALUES
('0jpcgnd1gmwbp3e8tw54e6nxjylsogyo', 'YmM4NjE0MDQ2MzBmYWIxNzIzNTkxZjBiN2I5M2MxMzQyYTE0YmMxODp7InVzZXJpZCI6Mn0=', '2020-02-21 08:52:28.687500'),
('14z63ouq423azof04qzl2cl91ytthlfv', 'eyJ1c2VyaWQiOjF9:1oE6b8:3caV9rQf0v24gXfvozY2K6zz4lTjty52oqgRHzLhpyw', '2022-08-03 10:06:30.268797'),
('1ejvkirpm7393inxp6uf1a508oikhj57', 'eyJ1c2VyaWQiOjV9:1oE9H0:QVd_yVIuOIdaeHkWo0CMd53O_s5B5euyq1e3LiWaVH8', '2022-08-03 12:57:54.686733'),
('1xjz27rwgvs42tk5n2orhya2ldkf1g6t', 'eyJ1c2VyaWQiOjV9:1mxOMK:l85z54bTor61HOnj7pdZjPhbnbt7ikf5Nm258dN2DTc', '2021-12-29 07:05:52.784561'),
('49qo7iki5uxczhyymi8ka7dnh6a2wva5', 'MmE4N2EzZmM3NTI1ODc3MjUxYjUxNWM3OWM4ZGExNWViMzRkN2MzYTp7Im5hbWUiOjF9', '2019-05-08 09:19:45.486328'),
('4df7s82pddaszour6twx23d86058ppjq', 'ZmNkODA5MmI1ZGQ0Yjk5MmZlNzEyNTcwNTcxNjk2ZWYxZTE3NThkMjp7InVzZXJpZCI6NX0=', '2020-11-23 11:49:21.396484'),
('4io28d085qjfib7a5s2qbhc8qp4wfiva', 'eyJ1c2VyaWQiOjE2fQ:1mAtmi:oIUbcN3WzJiaWnxMBZ6eIGMTo8NS2y701JlpwqvzBUk', '2021-08-17 12:44:40.453750'),
('4x6b78w9rfcn34v650kd2j7oij6atr8p', 'Zjk0Y2RlYjc4OTJhNWMyZjQyNmM4ZGRhYTVjNmVlNDFhZGE4ZmU3NTp7InVzZXJpZCI6Nn0=', '2019-12-27 12:07:42.082031'),
('5stz7v8965iafooseg5akzihzcpm87qi', 'eyJ1c2VyaWQiOjh9:1p5lRV:XBj3tdY_dMAvvER3dvRkqv-Y6HINGfMn68Kb53nlr1o', '2022-12-29 10:26:21.373678'),
('6235pjzaab4rkdpf7z473pl7jcnaglfk', 'eyJ1c2VyaWQiOjF9:1oDk63:-6bic4A3ThrswjtGZVXTnXx2dpiFpK_FtFDDtpAsCEw', '2022-08-02 10:04:55.563356'),
('6mizyqlykom1hx0e8a29bxksdry4vjmy', 'eyJ1c2VyaWQiOjR9:1mxNx3:w_8CPNB2edZIGdqb1qOMty5QV64ojOuzomD7t4d5bBY', '2021-12-29 06:39:45.556870'),
('7ixdamflp4fqyjecn17bd7xfbsi7eowq', 'eyJ1c2VyaWQiOjEwfQ:1mBzQr:5DfHs08xtygiklJxfW3kZFCrxnrA_igxR5gbDcKt2e8', '2021-08-20 12:58:37.947486'),
('9eqxsh2vnry12u2z9t4sl6amij2te9jt', 'eyJ1c2VyaWQiOjJ9:1oE8nk:cDDqaEZRW7Nf6SKwUt6tIvJEdEy2qvTQzIrG8zvVQgQ', '2022-08-03 12:27:40.202847'),
('9vom7mmn5muyoiy8nytc9mxown1q1g2b', 'eyJ1c2VyaWQiOjE5fQ:1mDRHr:QCoJ_gmMMx_cxknA5j_5NlcTLnENHFouosRuxYZlYbI', '2021-08-24 12:55:19.038051'),
('b9cu6cjsfqfm5mame5dy1ikpiiy7yn3w', 'OTk3NTk2YTE0NjM5MWQ0OGQ0MjY3NzBjNzdhOTc0ZWJhM2ZkMzdkMjp7InVzZXJpZCI6MX0=', '2019-05-09 11:00:08.480453'),
('bhfid9lacfwlfi5yu3rgdg1uo5fp2bq8', 'eyJ1c2VyaWQiOjE4fQ:1mBH4F:2wUorkPET_MGY07bWd-Zp-9HZUsjS3bGCHCu1j6BN-s', '2021-08-18 13:36:19.192796'),
('ct13q5fpn94zvnij8ekixwzcky2imc5e', 'YWUzM2IzMWJiYmQ3YmY2YzlkMGFlNTM1YmU5ZGM4YjQ0MmY1YTc0NTp7InVzZXJpZCI6NH0=', '2019-05-14 11:44:10.978515'),
('e07j4duysh402dedtomm8icctvs9ljgy', 'MmE4N2EzZmM3NTI1ODc3MjUxYjUxNWM3OWM4ZGExNWViMzRkN2MzYTp7Im5hbWUiOjF9', '2019-05-09 06:08:12.306625'),
('fuirwtsxsfxeojownr7tm1lymoapsath', 'eyJ1c2VyaWQiOjR9:1mb0uA:DWlnrgNFE2I8DeVkRQmZU1y_F_U4e0WgMqypgwqdUQ0', '2021-10-28 13:36:18.858332'),
('hbv74sg6w6e4wp89vq807vw0xhkh5s1h', 'MzU0ZWYzNTQ3MjM4MWZlOTVjM2M1MWQ4MmE5ODE0OTlkNDRkNDkwMDp7InVzZXJpZCI6MX0=', '2020-01-10 07:40:38.067382'),
('hhng09zqax1cp3cmlx5np2pbc4fcbtw1', 'eyJ1c2VyaWQiOjExfQ:1mauzr:WoxSa_ktUEv37bMIXB5udKc6qLwi2Xgdg61oSSMEPgo', '2021-10-28 07:17:47.091519'),
('hhtt48je70l9nzw6dee4ocuxxm9blqej', 'NGRhY2JkNmQ4ZTM4OTU0Y2UzMzFlZmZmOTgzYmE0MWVkOThiNjc2NTp7Im5hbWUiOjEsInVzZXJpZCI6MX0=', '2019-05-09 10:12:38.380843'),
('hj1muto4ffqaex29c3dz409vpv04say1', 'eyJ1c2VyaWQiOjIyfQ:1mavzk:CaUXoPZsk_YT0c367vmF36p-YAOYuclPwJBiS1ZGbtw', '2021-10-28 08:21:44.154458'),
('hsb5814on7cph0wvy0yls67ca94ngcq3', 'eyJ1c2VyaWQiOjE5fQ:1mBzgz:cug3sAkQKH-bQBkB9O5l0UsDJL-37eDV8mR9Qau3elA', '2021-08-20 13:15:17.195464'),
('i77fui9jgj9yk7ncx7u4ph5d6kg0nl6c', 'eyJ1c2VyaWQiOjE5fQ:1mDPJC:kqt800XGsVGRjHS3TmeLFrJbrpIK4-GbH4ZirwIc7S4', '2021-08-24 10:48:34.860638'),
('ic3hqykgws5iy6fz5ns6h6f921jbjzmt', 'eyJ1c2VyaWQiOjExfQ:1kywHL:I_tahJ0VJb7myAbMbXpWZu9XrSaAMmduNxGd2x5gtmY', '2021-01-25 12:26:35.043761'),
('iz6wcyx97x1w6mpfc51g1tj72z2xghfn', 'eyJ1c2VyaWQiOjl9:1kwlIp:YKOKMwJARe6w057AKTGY1-GCuRcZAeAbJ0bdQao23wY', '2021-01-19 12:19:07.663490'),
('jiqsf7wcjkeflnrveo04dcvo9uzu7cj5', 'eyJ1c2VyaWQiOjIyfQ:1maymY:2zgrkbwuf5-70r47-IcbfFKsYD5fnN-ja0Ol9zN-93Y', '2021-10-28 11:20:18.484981'),
('jpkxxiej4bdjin5tpdjm0xqhdooexz9o', 'eyJ1c2VyaWQiOjExfQ:1mBEdk:YOk6fHHfBMmtt5ZvSyzgy13Az8JS59iXbU4LO1Ps1RI', '2021-08-18 11:00:48.423036'),
('k7dyn4irgrj5wb4jucb4po527iw724dp', 'eyJ1c2VyaWQiOjEzfQ:1l0JrY:2_TJ4L_XoHdOW51Zdp0MOdyBEZEzntk5pdXZFDmX9x4', '2021-01-29 07:49:40.202848'),
('o7x1vhluuypdfmgv7fmv6nohgfn5ub55', 'NzMyZjlhNzFhZjk2ZGUzZmFiMmIzYjMwNTJkYTg5MDUzNmNlMDk4Mjp7InVzZXJpZCI6MTZ9', '2020-01-02 12:51:55.659179'),
('psdjoq42u7lfqwfodftic5x6z9ij34nk', 'eyJ1c2VyaWQiOjExfQ:1mAXDq:a8YYY1YJU3jPv03qo9-VcrjRHnDWRSqGseiR93n0GVM', '2021-08-16 12:39:10.518259'),
('qi3a6dakdnlmnk80p8bxxd0i6wcy7zuh', 'eyJ1c2VyaWQiOjZ9:1p5koy:T0TBVfgrsvYBWIxvER3ClFdkr1bjRR5NBlJTIFgeTG8', '2022-12-29 09:46:32.423942'),
('qnaolidvfx6bu9ra3uyqvkgva7bv92f1', 'OTk3NTk2YTE0NjM5MWQ0OGQ0MjY3NzBjNzdhOTc0ZWJhM2ZkMzdkMjp7InVzZXJpZCI6MX0=', '2019-05-14 05:34:50.069335'),
('qorsfjf8ub7601ehr291ro3n4zzw5v3e', 'eyJ1c2VyaWQiOjEwfQ:1mFxUi:mMQom1btf6GfJPfFt2WuX_hLtfJbWwVROmb-AlhxjHw', '2021-08-31 11:43:00.556244'),
('r9qk0kd407g591hugz99fhps8zofh69s', 'eyJ1c2VyaWQiOjE4fQ:1mBxnG:qkd9MTM_FhhghUpV90qngEkwkoSKYdLbfwRKBLhK7Qg', '2021-08-20 11:13:38.356475'),
('sdcvtwp7s5yj8q1lb0mdvlg8nj5wujqo', 'eyJ1c2VyaWQiOjEyfQ:1kzJ3p:0g6nRuJv3TXWVpANqNgbJcrUv96ZU5UQwv3bgqBbL1I', '2021-01-26 12:46:09.538596'),
('tejgl09oettnyva23kqdbns5nfz5g8ug', 'OTk3NTk2YTE0NjM5MWQ0OGQ0MjY3NzBjNzdhOTc0ZWJhM2ZkMzdkMjp7InVzZXJpZCI6MX0=', '2019-05-09 11:19:24.387679'),
('tnxcmvboqnlzlo6n6sq4odbkb635lg8z', 'eyJ1c2VyaWQiOjl9:1p680A:GoONyIbJJLpuimgCxCaal77YSrUxk8lE01BC0prCyH4', '2022-12-30 10:31:38.681814'),
('u27ans5si6maak71p37k0j55gi4zat8o', 'eyJ1c2VyaWQiOjEyfQ:1p69hu:pDWExMjpLJEZ0r8toepIWt6VokjjzojuDkQrhQx3dro', '2022-12-30 12:20:54.118705'),
('u5icgvq3qt5nthdlv99go3r804ccghbo', 'MmE4N2EzZmM3NTI1ODc3MjUxYjUxNWM3OWM4ZGExNWViMzRkN2MzYTp7Im5hbWUiOjF9', '2019-05-09 06:00:13.573226'),
('vfofeqf70uwf4jrhib6xsetde58lny3f', 'eyJ1c2VyaWQiOjIxfQ:1mFyou:QX_iGY3-VB7aToxcER8lL5h0PrRrYCaY5Hf2pQrqePo', '2021-08-31 13:07:56.275870'),
('ws2o4cq1jbqepe0e9s9v7n4erxatq9ic', 'eyJ1c2VyaWQiOjE1fQ:1l2CgI:SmlpAnZzplZhPTFJ_rkEJstnZRl2CYWyTcah7PHPv-M', '2021-02-03 12:33:50.352453'),
('zak6z5x81xrpe7i51cmt7915z9k4u9dr', 'eyJ1c2VyaWQiOjJ9:1oE8wD:IeKP_1qUF_y8Q45zkh2iCL19BYap1vlukPPO2L08s3Q', '2022-08-03 12:36:25.292286'),
('zega5sz46ivu1tb1o1mtmg3v2ysxog1w', 'eyJ1c2VyaWQiOjh9:1kuVm4:L7RizVvw4EC0IyYCYAIhGjC8lvZol_Z1abqVwdkdKkY', '2021-01-13 07:20:00.767751');

-- --------------------------------------------------------

--
-- Table structure for table `remote_user_clientregister_model`
--

CREATE TABLE IF NOT EXISTS `remote_user_clientregister_model` (
  `id` int(11) NOT NULL AUTO_INCREMENT,
  `username` varchar(30) NOT NULL,
  `email` varchar(30) NOT NULL,
  `password` varchar(50) NOT NULL,
  `phoneno` varchar(50) NOT NULL,
  `country` varchar(30) NOT NULL,
  `state` varchar(30) NOT NULL,
  `city` varchar(30) NOT NULL,
  `address` varchar(30) NOT NULL,
  `gender` varchar(30) NOT NULL,
  PRIMARY KEY (`id`)
) ENGINE=InnoDB  DEFAULT CHARSET=latin1 AUTO_INCREMENT=13 ;

--
-- Dumping data for table `remote_user_clientregister_model`
--

INSERT INTO `remote_user_clientregister_model` (`id`, `username`, `email`, `password`, `phoneno`, `country`, `state`, `city`, `address`, `gender`) VALUES
(9, 'Harish', 'Harish123@gmail.com', 'Harish', '9535866270', 'India', 'Karnataka', 'Bangalore', '#8928,4th Cross,Rajajinagar', 'Male'),
(10, 'Manjunath', 'tmksmanju13@gmail.com', 'Manjunath', '9535866270', 'India', 'Karnataka', 'Bangalore', '#8928,4th Cross,Rajajinagar', 'Male'),
(11, 'tmksmanju', 'tmksmanju13@gmail.com', 'tmksmanju', '9535866270', 'India', 'Karnataka', 'Bangalore', '#9029,14th Cross,Malleshwaram', 'Male'),
(12, 'Hariharan', 'Hariharan123@gmail.com', 'Hariharan', '9535866270', 'India', 'Karnataka', 'bangalore', '#8928,4th Cross,rajajinagar', 'Male');

-- --------------------------------------------------------

--
-- Table structure for table `remote_user_detection_accuracy`
--

CREATE TABLE IF NOT EXISTS `remote_user_detection_accuracy` (
  `id` int(11) NOT NULL AUTO_INCREMENT,
  `names` varchar(300) NOT NULL,
  `ratio` varchar(300) NOT NULL,
  PRIMARY KEY (`id`)
) ENGINE=InnoDB  DEFAULT CHARSET=latin1 AUTO_INCREMENT=88 ;

--
-- Dumping data for table `remote_user_detection_accuracy`
--

INSERT INTO `remote_user_detection_accuracy` (`id`, `names`, `ratio`) VALUES
(83, 'Naive Bayes', '49.45054945054945'),
(84, 'SVM', '50.32967032967033'),
(85, 'Logistic Regression', '50.76923076923077'),
(86, 'Decision Tree Classifier', '50.76923076923077'),
(87, 'Extra Tree Classifier', '49.67032967032967');

-- --------------------------------------------------------

--
-- Table structure for table `remote_user_detection_ratio`
--

CREATE TABLE IF NOT EXISTS `remote_user_detection_ratio` (
  `id` int(11) NOT NULL AUTO_INCREMENT,
  `names` varchar(300) NOT NULL,
  `ratio` varchar(300) NOT NULL,
  PRIMARY KEY (`id`)
) ENGINE=InnoDB  DEFAULT CHARSET=latin1 AUTO_INCREMENT=27 ;

--
-- Dumping data for table `remote_user_detection_ratio`
--

INSERT INTO `remote_user_detection_ratio` (`id`, `names`, `ratio`) VALUES
(25, 'No Sybil Attack', '33.33333333333333'),
(26, 'Sybil Attack', '66.66666666666666');

-- --------------------------------------------------------

--
-- Table structure for table `remote_user_detect_attack`
--

CREATE TABLE IF NOT EXISTS `remote_user_detect_attack` (
  `id` int(11) NOT NULL AUTO_INCREMENT,
  `RID` varchar(300) NOT NULL,
  `source_nodeip` varchar(3000) NOT NULL,
  `destination_nodeip` varchar(3000) NOT NULL,
  `start_time` varchar(3000) NOT NULL,
  `source_port` varchar(3000) NOT NULL,
  `destination_port` varchar(3000) NOT NULL,
  `flags` varchar(3000) NOT NULL,
  `site` varchar(3000) NOT NULL,
  `asn` varchar(3000) NOT NULL,
  `num_packets` varchar(3000) NOT NULL,
  `num_bytes` varchar(3000) NOT NULL,
  `flow_trajectories_ip` varchar(3000) NOT NULL,
  `proto` varchar(3000) NOT NULL,
  `prediction` varchar(3000) NOT NULL,
  PRIMARY KEY (`id`)
) ENGINE=InnoDB  DEFAULT CHARSET=latin1 AUTO_INCREMENT=10 ;

--
-- Dumping data for table `remote_user_detect_attack`
--

INSERT INTO `remote_user_detect_attack` (`id`, `RID`, `source_nodeip`, `destination_nodeip`, `start_time`, `source_port`, `destination_port`, `flags`, `site`, `asn`, `num_packets`, `num_bytes`, `flow_trajectories_ip`, `proto`, `prediction`) VALUES
(5, '172.217.11.10-10.42.0.211-443-40395-6', '219.148.38.70', '178.248.41.212', '1415150723', '59296', '22', '-A----,-AP---', '45c48', 'c4ca4', '12', '1008', '218.202.173.195', 'TCP', 'No Sybil Attack'),
(6, '10.42.0.42-119.146.74.34-52573-80-6', '218.237.65.47', '123.147.162.185', '1415692610', '36475', '22', '----S-,-A----,-AP---', '45c48', 'c4ca4', '12', '1008', '183.61.185.94', 'TCP', 'Sybil Attack'),
(9, '202.77.129.150-10.42.0.211-80-41762-6', '117.40.188.58', '125.64.34.107', '1415347212', '48907', '22', '----S-,-A----,-AP---', '45c48', 'c4ca4', '12', '1008', '183.61.185.94', 'TCP', 'Sybil Attack');

/*!40101 SET CHARACTER_SET_CLIENT=@OLD_CHARACTER_SET_CLIENT */;
/*!40101 SET CHARACTER_SET_RESULTS=@OLD_CHARACTER_SET_RESULTS */;
/*!40101 SET COLLATION_CONNECTION=@OLD_COLLATION_CONNECTION */;
